relevance_score,year,title,authors,doi,url,container,abstract,queries
14,2017,"Intraday Seasonality in Efficiency, Liquidity, Volatility and Volume: Platinum and Gold Futures in Tokyo and New York",Kentaro Iwatsubo; Clinton Watkins; Tao Xu,10.2139/ssrn.3021533,https://doi.org/10.2139/ssrn.3021533,SSRN Electronic Journal,,SSRN liquidity volatility intraday momentum futures
14,2025,Gold Silver Pair Trading -Mean Reversion Strategy Using Machine Learning,Vineet Kumar Mittal; Richa Mittal,10.22541/au.176523297.71168178/v1,https://doi.org/10.22541/au.176523297.71168178/v1,,"The gold-silver relationship has long served as a benchmark for relative-value and meanreversion trading in commodity markets. This study develops a quantitative framework that integrates classical cointegration analysis with modern machine learning (ML) techniques to enhance trading performance in the gold-silver spread. Using futures and ETF data (COMEX GC-SI, GLD-SLV) from 2015-2025, the paper first confirms long-term cointegration and then applies dynamic hedge estimation via Kalman filtering. Mean reversion signals are standardized through z-score normalization and augmented with ML-based regime filters (Gradient Boosting, Support Vector Machine) trained on volatility, macro, and sentiment features to distinguish stable versus unstable spread conditions. Backtests reveal that ML-filtered mean reversion trades outperform static statistical arbitrage by improving entry precision and reducing drawdowns, particularly during high-volatility regimes such as the 2020 COVID crisis, the 2022 inflation spike, and the 2024 commodity rally. The proposed hybrid framework demonstrates that integrating adaptive learning models into classical econometric approaches significantly enhances profitability and risk control for commodity pair trading. Highlights  Presents a hybrid gold-silver mean reversion framework integrating cointegration, Kalman filtering, and machine learning classifiers.  Demonstrates dynamic hedge ratio estimation using state-space modeling for adaptive spread tracking.  Incorporates machine learning regime filters (Gradient Boosting, SVM) to enhance trade timing and reduce drawdowns.  Backtests across 2015-2025 show superior Sharpe ratios and lower volatility than static statistical arbitrage models.  Extends event-driven and volatility-forecasting methods (Mittal, 2025) to commodity spread trading with risk-controlled execution.",SSRN Bollinger Band trading strategy mean reversion futures | SSRN gold silver pair trading mean reversion
13,2015,Liquidity and Volatility in the Chinese Commodity Futures Market: Evidence from Intraday Data,Ying Jiang; Shamim Ahmed; Xiaoquan Liu,10.2139/ssrn.2626040,https://doi.org/10.2139/ssrn.2626040,SSRN Electronic Journal,,SSRN liquidity volatility intraday momentum futures
13,2020,Time Series Momentum and Reversal: Intraday Information from Realized Semivariance,Zhenya Liu; Shanglin Lu; Bo Li; Shixuan Wang,10.2139/ssrn.3584014,https://doi.org/10.2139/ssrn.3584014,SSRN Electronic Journal,,SSRN cross market intraday time series momentum | SSRN intraday reversal momentum returns | SSRN intraday time series momentum futures | SSRN realized semivariance intraday momentum reversal
13,2023,Forecasting Intraday Volatility: Evidence from China Gold Futures Market,Chuxin Ye; Xingguo Luo; Yinsong Xue; Jiamin Lv,10.2139/ssrn.4359812,https://doi.org/10.2139/ssrn.4359812,,,SSRN liquidity volatility intraday momentum futures | SSRN market microstructure intraday momentum futures
12,1999,Market microstructure of FT-SE 100 index futures: An intraday empirical analysis,Yiuman Tse,10.1002/(sici)1096-9934(199902)19:1<31::aid-fut2>3.0.co;2-h,https://doi.org/10.1002/(sici)1096-9934(199902)19:1<31::aid-fut2>3.0.co;2-h,Journal of Futures Markets,"This article examines the market microstructure of the FT-SE Index futures market by analyzing the intraday patterns of bid-ask spreads and trading activity. The patterns are remarkably different from those of stock and options markets because of the futures market's open outcry system with frenzied scalpers/short-term marketmakers. Spreads are stable over the day, but decline sharply at the close and increase when U.S. macroeconomic news is distributed. Traders actively trade at the open with narrow spreads and large trade sizes. Volatility and volume have higher values at the open and close and when U.S. news is released. The overall results suggest that information asymmetry in the index futures market is insignificant, and traders find it easy to control inventory. The results are also broadly consistent with the Grossman and Miller (1988) model that describes liquidity as the price of transaction demand for immediacy. © 1999 John Wiley & Sons, Inc. Jrl Fut Mark 19: 31–58, 1999",SSRN market microstructure intraday momentum futures
12,2013,News Sentiment in the Gold Futures Market,Lee A. Smales,10.2139/ssrn.2309868,https://doi.org/10.2139/ssrn.2309868,SSRN Electronic Journal,,SSRN macro news sentiment trading futures | SSRN news sentiment gold futures market
12,2020,Intraday Momentum in Chinese Commodity Futures Markets,Wei Zhang; Pengfei Wang; Yi Li,10.2139/ssrn.3577431,https://doi.org/10.2139/ssrn.3577431,SSRN Electronic Journal,,SSRN commodity futures time series momentum | SSRN factor momentum commodity futures markets | SSRN idiosyncratic momentum commodity futures | SSRN intraday time series momentum futures | SSRN liquidity volatility intraday momentum futures | SSRN market microstructure intraday momentum futures
12,2020,Intraday time‐series momentum: Evidence from China,Muzhao Jin; Fearghal Kearney; Youwei Li; Yung Chiang Yang,10.1002/fut.22084,https://doi.org/10.1002/fut.22084,Journal of Futures Markets,"Abstract This study conducts an investigation of intraday time‐series momentum across four Chinese commodity futures contracts: copper, steel, soybean, and soybean meal. Our results indicate that the first half‐hour return positively predicts the last half‐hour return across all four futures. Furthermore, in metals markets, we find that first trading sessions with high volume or volatility are associated with the strongest intraday time‐series momentum dynamics. Based on this, we propose an intraday momentum informed trading strategy that earns a return in excess of standard always long and buy‐and‐hold benchmarks.",SSRN intraday time series momentum futures
12,2024,Is There an Intraday Momentum Effect in Commodity Futures and Options: Evidence from the Chinese Market,Luyuan Zheng; Xingguo Luo,10.2139/ssrn.4688712,https://doi.org/10.2139/ssrn.4688712,,,SSRN intraday time series momentum futures | SSRN market microstructure intraday momentum futures
11,2016,Adaptive Time Series Momentum: An Objective Benchmark for Systematic Trend-Following Strategies,Gert Elaut,10.2139/ssrn.2772047,https://doi.org/10.2139/ssrn.2772047,SSRN Electronic Journal,,SSRN adaptive time series momentum systematic trend following | SSRN time series momentum futures markets trend following funds
11,2017,Commodity Futures Trading Strategies:  Trend-Following and Calendar Spreads,Hilary Till; Joseph Eagleeye,10.2139/ssrn.2942340,https://doi.org/10.2139/ssrn.2942340,SSRN Electronic Journal,,SSRN commodity futures calendar spread trend following | SSRN commodity futures trend following risk parity momentum
11,2017,Momentum and Reversal Strategies in Chinese Commodity Futures Markets,Yurun Yang; Ahmet Goncu; Athanasios A. Pantelous,10.2139/ssrn.3069253,https://doi.org/10.2139/ssrn.3069253,SSRN Electronic Journal,,SSRN factor momentum commodity futures markets
11,2018,The Impact of Futures Trading on Intraday Spot Volatility and Liquidity: Evidence from Bitcoin Market,Shimeng Shi,10.2139/ssrn.3094647,https://doi.org/10.2139/ssrn.3094647,SSRN Electronic Journal,,SSRN liquidity volatility intraday momentum futures
11,2019,Intraday Time Series Momentum: International Evidence,Zeming Li; Athanasios Sakkas; Andrew Urquhart,10.2139/ssrn.3460965,https://doi.org/10.2139/ssrn.3460965,SSRN Electronic Journal,,SSRN cross market intraday time series momentum | SSRN intraday time series momentum futures
11,2023,Time series momentum and reversal: Intraday information from realized semivariance,Zhenya Liu; Shanglin Lu; Bo Li; Shixuan Wang,10.1016/j.jempfin.2023.03.001,https://doi.org/10.1016/j.jempfin.2023.03.001,Journal of Empirical Finance,,SSRN realized semivariance intraday momentum reversal
11,2024,News Sentiment and Commodity Futures Investing,Thanh Vu; Yeguang Chi; Lina El-Jahel,10.2139/ssrn.4870724,https://doi.org/10.2139/ssrn.4870724,,,SSRN macro news sentiment trading futures | SSRN news sentiment gold futures market
11,2024,Novel and Old News Sentiment in Commodity Futures Markets,Lina El-Jahel; Yeguang Chi; Thanh Vu,10.2139/ssrn.4755296,https://doi.org/10.2139/ssrn.4755296,,,SSRN macro news sentiment trading futures | SSRN news sentiment gold futures market
10,2010,Trend-Following Trading Strategies in Commodity Futures: A Re-Examination,Yazann S. Romahi,10.2469/dig.v40.n2.4,https://doi.org/10.2469/dig.v40.n2.4,CFA Digest,"Frequency: Yearly ISSN: 0015-198X eISSN: 1938-3312 https://www.tandfonline.com/doi/abs/10.1080/0015198X.2021.1965861 Abstract Assets whose carry is trending up, namely, assets with high carry momentum, tend to have higher returns than those with low carry momentum. Using data from different asset classes, we show that portfolios with high-carry-momentum assets delivered higher returns than portfolios with low-carry-momentum assets. The return differentials cannot be explained by exposure to traditional market risks or by such seemingly related factors as time-series momentum and carry. The results can be motivated by a model in which investors’ demand for an asset depends on the market’s view on the expected returns. An increase in carry raises investors’ belief in the attractiveness of an asset, leading to the possibility for higher demand in the market and in turn to the potential for higher prices and positive returns.",SSRN commodity futures calendar spread trend following
10,2011,Long Memory and Periodicity in Intraday Volatility of Stock Index Futures,Eduardo Rossi; Dean Fantazzini,10.2139/ssrn.1460625,https://doi.org/10.2139/ssrn.1460625,SSRN Electronic Journal,,SSRN liquidity volatility intraday momentum futures
10,2012,Momentum Strategies in Futures Markets and Trend-following Funds,Akindynos-Nikolaos Baltas; Robert Kosowski,10.2139/ssrn.1968996,https://doi.org/10.2139/ssrn.1968996,SSRN Electronic Journal,,SSRN adaptive time series momentum systematic trend following | SSRN commodity futures calendar spread trend following | SSRN commodity futures trend following risk parity momentum | SSRN time series momentum futures markets trend following funds
10,2014,News sentiment in the gold futures market,Lee A. Smales,10.1016/j.jbankfin.2014.09.006,https://doi.org/10.1016/j.jbankfin.2014.09.006,Journal of Banking &amp; Finance,,SSRN news sentiment gold futures market
10,2024,Investor Sentiment in Gold and Gold Futures Market: Evidence from Chatgpt-Generated Sentiment Index,Yunchuan Sun; Ying Xu; Buxin Zhang; Betty Simkins,10.2139/ssrn.4877214,https://doi.org/10.2139/ssrn.4877214,,,SSRN news sentiment gold futures market
10,2025,Time Preference and Commodity Calendar Spread,Bosang Kim,10.2139/ssrn.5296359,https://doi.org/10.2139/ssrn.5296359,,"We present evidence supporting time preference in commodity market. We show that the time variations of&nbsp; commodity calendar spreads can be driven, predicted, and explained by ambiguity preference variables extracted from the US equity market. A high degree of optimism predicts rising pessimism through mean reversion, which lowers the prices of the first nearby futures contract more than the far-out contract. The front-loaded nature of ambiguity aversion across time horizons is consistent with&nbsp; time preference.",SSRN commodity futures calendar spread trend following
10,2026,Arbitrage Trading Strategy in Gold Futures.,Peter Bell,10.2139/ssrn.6077836,https://doi.org/10.2139/ssrn.6077836,,"There appears to be an arbitrage trading strategy in the gold market where you are ""long"" gold overnight, between the London Fix each day. Holding gold price exposure in this way produced reliable profits between 2000 and 2010. In fact, these reliable profits resemble the returns seen with a theoretical example of an inefficient market where a Bollinger Band trading strategy extracts arbitrage profits from a price series with mean reversion.",SSRN gold futures trading strategy arbitrage | SSRN range breakout trading strategy futures | SSRN volatility breakout trading strategy futures
10,2026,Fractal Market Dynamics: Applying Mandelbrot's Long-Memory Theory to Intraday NQ Futures Trading,Twapewa Xoliswa Ntingana,10.2139/ssrn.6744643,https://doi.org/10.2139/ssrn.6744643,,"Standard finance theory assumes returns follow a normal distribution. They do not. Mandelbrot showed this sixty years ago, and the evidence has not changed. This paper takes his long-memory framework seriously and asks whether it produces a measurable edge in intraday NQ futures trading. Using 565,481 five-minute bars from 2018 to 2025, I compute rolling Hurst exponents via the variance ratio method and classify each bar into one of three regimes: persistent (H &gt; 0.55), neutral (0.45 ≤ H ≤ 0.55), and antipersistent (H &lt; 0.45). Trades taken during persistent regimes achieve a win rate of Twapewa Xoliswa Ntingana Fractal Market Dynamics-NQ Futures 52.5% and an average net P&amp;L of $153. The same trades in anti-persistent conditions yield a 44.8% win rate and $47 average P&amp;L-a 3.25x difference in trade quality. I also introduce a tail risk filter using realised volatility z-scores, grounded in Mandelbrot's power-law tail theory, which dynamically scales position size during extreme volatility events. Across 2,500 Monte Carlo simulations using the Davey validation framework, the combined system achieves a return-to-drawdown ratio of 6.36x and a risk of ruin of 1.2%. All five Davey performance thresholds are met. The results support applying fractal market theory as a practical position-sizing framework, not just as an academic critique of EMH.",SSRN market microstructure intraday momentum futures
9,2011,Effect of Futures Trading on Spot Market Volatility: Evidence from Indian Commodity Derivatives Markets,Brajesh Kumar,10.2139/ssrn.1364231,https://doi.org/10.2139/ssrn.1364231,SSRN Electronic Journal,,SSRN volatility breakout trading strategy futures
9,2011,Liquidity and Price Discovery in the European C02 Futures Market: An Intraday Analysis,Eva A. Benz; Jördis Hengelbrock,10.2139/ssrn.1220389,https://doi.org/10.2139/ssrn.1220389,SSRN Electronic Journal,,SSRN liquidity volatility intraday momentum futures
9,2011,Liquidity and Price Discovery in the European CO2 Futures Market: An Intraday Analysis,Eva A. Benz; Jördis Hengelbrock,10.2139/ssrn.1143923,https://doi.org/10.2139/ssrn.1143923,SSRN Electronic Journal,,SSRN liquidity volatility intraday momentum futures
9,2011,Momentum Strategies in Commodity Futures Markets,Joelle Miffre; Georgios Rallis,10.2139/ssrn.702281,https://doi.org/10.2139/ssrn.702281,SSRN Electronic Journal,,SSRN commodity futures time series momentum | SSRN commodity futures trend following risk parity momentum | SSRN factor momentum commodity futures markets | SSRN idiosyncratic momentum commodity futures
9,2011,Partially Overlapping Time Series: A New Model for Volatility Dynamics in Commodity Futures,Aaron D. Smith,10.2139/ssrn.711386,https://doi.org/10.2139/ssrn.711386,SSRN Electronic Journal,,SSRN commodity futures time series momentum
9,2011,Price Discovery and Liquidity in the European CO2 Futures Market: An Intraday Analysis,Eva A. Benz; Jördis Hengelbrock,10.2139/ssrn.1283175,https://doi.org/10.2139/ssrn.1283175,SSRN Electronic Journal,,SSRN liquidity volatility intraday momentum futures
9,2011,"Price Volatility, Trading Volume and Open Interest: Evidence from Indian Commodity Futures Markets",Brajesh Kumar,10.2139/ssrn.1364143,https://doi.org/10.2139/ssrn.1364143,SSRN Electronic Journal,,SSRN volatility breakout trading strategy futures
9,2011,"Price Volatility, Trading Volume and Open Interest: Evidence from Indian Commodity Futures Markets",Brajesh Kumar,10.2139/ssrn.1328327,https://doi.org/10.2139/ssrn.1328327,SSRN Electronic Journal,,SSRN volatility breakout trading strategy futures
9,2011,Tactical Allocation in Commodity Futures Markets: Combining Momentum and Term Structure Signals,Ana-Maria Fuertes; Joelle Miffre; Georgios Rallis,10.2139/ssrn.1127213,https://doi.org/10.2139/ssrn.1127213,SSRN Electronic Journal,,SSRN factor momentum commodity futures markets
9,2011,Tactical Trading in Commodity Futures Markets: Combining Momentum and Term Structure Signals,Ana-Maria Fuertes; Joelle Miffre; Georgios Rallis,10.2139/ssrn.1102580,https://doi.org/10.2139/ssrn.1102580,SSRN Electronic Journal,,SSRN factor momentum commodity futures markets
9,2011,The Profitability of Technical Trading Rules in Us Futures Markets: A Data Snooping Free Test,Cheol-Ho Park; Scott H. Irwin,10.2139/ssrn.722264,https://doi.org/10.2139/ssrn.722264,SSRN Electronic Journal,,SSRN technical trading rules foreign exchange profitability
9,2012,Idiosyncratic Volatility Strategies in Commodity Futures Markets,Adrián Fernández-Pérez; Ana-Maria Fuertes; Joelle Miffre,10.2139/ssrn.1971917,https://doi.org/10.2139/ssrn.1971917,SSRN Electronic Journal,,SSRN idiosyncratic momentum commodity futures
9,2012,Idiosyncratic Volatility and Expected Commodity Futures Returns,Adrián Fernández-Pérez; Ana-Maria Fuertes; Joelle Miffre,10.2139/ssrn.2120587,https://doi.org/10.2139/ssrn.2120587,SSRN Electronic Journal,,SSRN idiosyncratic momentum commodity futures
9,2012,Market Sentiment in Commodity Futures Returns,Lin Gao; Stephan Süss,10.2139/ssrn.1934397,https://doi.org/10.2139/ssrn.1934397,SSRN Electronic Journal,,SSRN news sentiment gold futures market
9,2012,"Trend Following, Risk Parity and Momentum in Commodity Futures",Steve H. Thomas; Andrew D. Clare; James Seaton; Peter N. Smith,10.2139/ssrn.2126813,https://doi.org/10.2139/ssrn.2126813,SSRN Electronic Journal,,SSRN commodity futures calendar spread trend following | SSRN commodity futures trend following risk parity momentum | SSRN time series momentum futures markets trend following funds
9,2013,Intraday Forex Trading Based on Sentiment Inflection Points,Peter Ager Hafez; Junqiang Xie,10.2139/ssrn.2198816,https://doi.org/10.2139/ssrn.2198816,SSRN Electronic Journal,,SSRN intraday forex sentiment inflection points
9,2015,Momentum Signals in the Term Structure of Commodity Futures,Martijn Boons; Melissa Porras Prado,10.2139/ssrn.2587784,https://doi.org/10.2139/ssrn.2587784,SSRN Electronic Journal,,SSRN commodity futures time series momentum | SSRN idiosyncratic momentum commodity futures
9,2016,Futures Trading Under Mean Reversion,,10.1142/9789814725927_0005,https://doi.org/10.1142/9789814725927_0005,Optimal Mean Reversion Trading,"Futures are an integral part of the universe of derivatives. A futures is a contract that requires the buyer to purchase (seller to sell) a fixed quantity of an asset, such as a commodity, at a fixed price to be paid for on a prespecified future date. Commonly traded on exchanges, there are futures written on various underlying assets or references, including commodities, interest rates, equity indices, and volatility indices. Many futures stipulate physical delivery of the underlying asset, with notable examples of agricultural, energy, and metal futures. However, some, like the VIX futures, are settled in cash…",SSRN Bollinger Band trading strategy mean reversion futures | SSRN gold silver pair trading mean reversion
9,2017,Idiosyncratic Momentum in Commodity Futures,Iuliia Shpak; Ben Human; Andrea Nardon,10.2139/ssrn.3035397,https://doi.org/10.2139/ssrn.3035397,SSRN Electronic Journal,,SSRN commodity futures time series momentum | SSRN idiosyncratic momentum commodity futures
9,2017,Momentum and Mean-Reversion in Commodity Spot and Futures Markets,Denis B. Chaves; Vivek Viswanathan,10.2139/ssrn.2833003,https://doi.org/10.2139/ssrn.2833003,SSRN Electronic Journal,,SSRN commodity futures time series momentum | SSRN factor momentum commodity futures markets | SSRN idiosyncratic momentum commodity futures
9,2017,"Reversal, Momentum and Intraday Returns",Haoyu Xu,10.2139/ssrn.2991183,https://doi.org/10.2139/ssrn.2991183,SSRN Electronic Journal,,SSRN intraday reversal momentum returns | SSRN intraday time series momentum futures | SSRN realized semivariance intraday momentum reversal
9,2019,Modeling Intraday Momentum and Reversal by a Parsimonious Diffusion Process,Shiqing Ling; Zhenya Liu; Shixuan Wang,10.2139/ssrn.3400384,https://doi.org/10.2139/ssrn.3400384,SSRN Electronic Journal,,SSRN intraday reversal momentum returns | SSRN realized semivariance intraday momentum reversal
9,2019,The Impacts of Macroeconomic News Announcements on Intraday Implied Volatility,Jieun Lee; Doojin Ryu,10.2139/ssrn.3313223,https://doi.org/10.2139/ssrn.3313223,SSRN Electronic Journal,,SSRN scheduled macroeconomic news intraday market sentiment
9,2019,Time-Series Momentum in the Chinese Commodity Futures Market,Hoon Cho; Hyuna Ham; Hyeongjun Kim; Doojin Ryu,10.2139/ssrn.3311479,https://doi.org/10.2139/ssrn.3311479,SSRN Electronic Journal,,SSRN commodity futures time series momentum | SSRN intraday time series momentum futures
9,2019,"Two Centuries of Commodity Futures Premia: Momentum, Value and Basis",Christopher Charles Geczy; Mikhail Samonov,10.2139/ssrn.3336406,https://doi.org/10.2139/ssrn.3336406,SSRN Electronic Journal,,SSRN commodity futures time series momentum | SSRN idiosyncratic momentum commodity futures
9,2020,Commodity Futures Momentum: Sources of Risk and Anomalies,Robert J. Bianchi; Michael E. Drew; John Hua Fan,10.2139/ssrn.2827237,https://doi.org/10.2139/ssrn.2827237,SSRN Electronic Journal,,SSRN commodity futures trend following risk parity momentum
9,2021,Intraday Effect of News on Emerging European Forex Markets: An Event Study Analysis,Evzen Kocenda; Michala Moravcov&aacute;,10.2139/ssrn.3275413,https://doi.org/10.2139/ssrn.3275413,SSRN Electronic Journal,,SSRN intraday forex sentiment inflection points
9,2022,"Intraday Return Predictability in the Cryptocurrency Markets: Momentum, Reversal, or Both",Zhuzhu Wen; Elie Bouri; Yahua Xu; Yang Zhao,10.2139/ssrn.4080253,https://doi.org/10.2139/ssrn.4080253,SSRN Electronic Journal,,SSRN intraday reversal momentum returns | SSRN realized semivariance intraday momentum reversal
9,2022,Scheduled Macroeconomic News Announcements and Intraday Market Sentiment,Sangik Seok; Hoon Cho; Doojin Ryu,10.2139/ssrn.3966818,https://doi.org/10.2139/ssrn.3966818,SSRN Electronic Journal,,SSRN intraday forex sentiment inflection points | SSRN scheduled macroeconomic news intraday market sentiment
9,2024,Factor Momentum in Commodity Futures Markets,Yiyan Qian; Ying Jiang; Xiaoquan Liu,10.2139/ssrn.4726027,https://doi.org/10.2139/ssrn.4726027,,,SSRN commodity futures time series momentum | SSRN commodity futures trend following risk parity momentum | SSRN factor momentum commodity futures markets | SSRN idiosyncratic momentum commodity futures | SSRN time series momentum futures markets trend following funds
9,2024,Factor Momentum in Commodity Futures Markets,Yiyan Qian; Xiaoquan Liu; Ying Jiang,10.2139/ssrn.4678928,https://doi.org/10.2139/ssrn.4678928,SSRN Electronic Journal,,SSRN commodity futures time series momentum | SSRN factor momentum commodity futures markets | SSRN idiosyncratic momentum commodity futures
9,2024,Intraday Trading Activity and Liquidity on International Crude Oil Futures Markets: A First Look​,Hong Miao; Jian Yang,10.2139/ssrn.4680994,https://doi.org/10.2139/ssrn.4680994,,,SSRN liquidity volatility intraday momentum futures
9,2025,Predicting Intraday Trading Volume with News Sentiment: An Analysis of U.S. Airline Stocks,Steven VanOmmeren,10.2139/ssrn.5534038,https://doi.org/10.2139/ssrn.5534038,,,SSRN intraday forex sentiment inflection points | SSRN macro news sentiment trading futures | SSRN news sentiment trading financial markets | SSRN scheduled macroeconomic news intraday market sentiment
9,2025,RavenPack Quantitative Research: Harnessing News Sentiment for FX Futures Strategies,Peter Hafez; Anmar Al Wakil; Alessandro Bouchs; Manuel Sanchez,10.2139/ssrn.5560198,https://doi.org/10.2139/ssrn.5560198,SSRN Electronic Journal,,SSRN macro news sentiment trading futures
9,2026,Intraday Price Range and Cryptocurrency-Specific Investor Sentiment,Boxiang Jia; John W. Goodell; Dehua Shen,10.2139/ssrn.6605878,https://doi.org/10.2139/ssrn.6605878,,"We highlight intraday price range (IPR) as a novel sentiment proxy in the cryptocurrency market. Leveraging the market's continuous trading and strong retail presence, we demonstrate that IPR captures speculative attention and short-term mispricing. IPR exhibits significant short-term persistence, especially for cryptocurrencies that are harder to value or more susceptible to sentiment shocks. Crosssectional portfolio analysis reveals that high-IPR cryptocurrencies underperform low-IPR ones over longer horizons, indicating long-term return reversals. Fama-MacBeth regressions further confirm the predictive power of IPR after controlling for conventional risk factors and cryptocurrency-specific characteristics. The return premium associated with IPR is concentrated among large-cap, liquid, and less volatile cryptocurrencies, suggesting that short-term overpricing tends to occur where arbitrage is more feasible. Results establish IPR as a behaviorally informed measure of sentiment and provide new insights into the dynamics of speculative pricing in crypto-assets.",SSRN intraday forex sentiment inflection points
9,2026,Spot-Based Basis and Basis Momentum in Commodity Futures Markets,Zudong Luo; Shan Xue,10.2139/ssrn.6546878,https://doi.org/10.2139/ssrn.6546878,,"This paper revisits two widely studied predictors of commodity futures returns, basis and basis momentum, whose conventional measures using first-nearby futures as proxies for spot prices may limit their ability to capture fundamental spot-market risks. Motivated by this limitation, we construct two spot-based signals from observed spot and futures prices, which are theoretically shown to contain incremental information beyond conventional measures. Using 41 Chinese commodity futures, we find that these signals robustly predict first-nearby contract returns and remain significantly priced in time-series and cross-sectional tests, even after controlling for their conventional counterparts. We then develop a spot-enhanced three-factor model, including the market factor and the two spot-based factors, which consistently outperforms three widely used benchmark models in pricing competing factors and explaining return anomalies.",SSRN commodity futures time series momentum | SSRN factor momentum commodity futures markets | SSRN idiosyncratic momentum commodity futures
8,2011,"Arbitrage Opportunities in Intraday Trading between Futures, Options and Cash Markets - Case Study on NSE India",Dr.Hiren M. Maniar; Dharmesh Maniyar; Rajesh Bhatt,10.2139/ssrn.962006,https://doi.org/10.2139/ssrn.962006,SSRN Electronic Journal,,SSRN gold futures trading strategy arbitrage
8,2011,Black Gold & Fool’s Gold: Speculation in the Oil Futures Market,John E. Parsons,10.2139/ssrn.1472983,https://doi.org/10.2139/ssrn.1472983,SSRN Electronic Journal,,SSRN news sentiment gold futures market
8,2013,Country News Sentiment Factors Predict Forex Prices,Peter Ager Hafez; Junqiang Xie,10.2139/ssrn.2269716,https://doi.org/10.2139/ssrn.2269716,SSRN Electronic Journal,,SSRN intraday forex sentiment inflection points
8,2013,Mean Reversion of Currencies and Futures,,10.1002/9781118676998.ch5,https://doi.org/10.1002/9781118676998.ch5,Algorithmic Trading,"Opportunities for mean reversion strategies in currencies and futures are limited but not nonexistent. This chapter will guide the reader toward those situations where mean reversion occurs, such as the trading of futures calendar spreads. In addition, we will discuss a trading strategy for one unique futures intermarket spread: the volatility future versus the stock index future. We will also discuss a simple mathematical model of futures prices that will illuminate concepts such as spot versus roll returns and backwardation versus contango. Understanding this model will help suggest new futures trading strategies without resorting to ad-hoc technical indicators.",SSRN Bollinger Band trading strategy mean reversion futures
8,2013,"Momentum Returns, Long-Term Reversal and Idiosyncratic Volatility",Muhammad Ahmad Cheema; Gilbert V. Nartea,10.2139/ssrn.2229604,https://doi.org/10.2139/ssrn.2229604,SSRN Electronic Journal,,SSRN intraday reversal momentum returns
8,2015,Intraday Momentum in FX Markets: Disentangling Informed Trading from Liquidity Provision,Gert Elaut; Michael Frrmmel; Kevin Lampaert,10.2139/ssrn.2694985,https://doi.org/10.2139/ssrn.2694985,SSRN Electronic Journal,,SSRN liquidity volatility intraday momentum futures
8,2016,CTT Infuses Inefficiency into Gold Futures Trading: An Empirical Analysis,Velmurugan Palanipappa Shanmugan; Rinku champramary,10.2139/ssrn.2849388,https://doi.org/10.2139/ssrn.2849388,SSRN Electronic Journal,,SSRN gold futures trading strategy arbitrage
8,2017,The Effect of CME Gold Futures and Ice Dollar Index Futures on the KRX Gold Market,Jae-Seung Baek; Myeong-Hoon Yeom,10.2139/ssrn.2903671,https://doi.org/10.2139/ssrn.2903671,SSRN Electronic Journal,,SSRN news sentiment gold futures market
8,2017,Time series momentum and moving average trading rules,Ben R. Marshall; Nhut H. Nguyen; Nuttawat Visaltanachoti,10.1080/14697688.2016.1205209,https://doi.org/10.1080/14697688.2016.1205209,Quantitative Finance,"We compare and contrast time series momentum (TSMOM) and moving average (MA) trading rules so as to better understand the sources of their profitability. These rules are closely related; however, there are important differences. TSMOM signals occur at points that coincide with a MA direction change, whereas MA buy (sell) signals only require price to move above (below) a MA. Our empirical results show MA rules frequently give earlier signals leading to meaningful return gains. Both rules perform best outside of large stock series which may explain the puzzle of their popularity with investors, yet lack of supportive evidence in academic studies.",SSRN moving average trading rules time series momentum
8,2017,Using Trend-Following Managed Futures to Increase Expected Withdrawal Rates,Andrew K. Miller,10.2139/ssrn.3048332,https://doi.org/10.2139/ssrn.3048332,SSRN Electronic Journal,,SSRN commodity futures calendar spread trend following
8,2020,Indian Gold Futures Market and Delivery Dynamics,Tulsi Lingareddy,10.2139/ssrn.3573588,https://doi.org/10.2139/ssrn.3573588,SSRN Electronic Journal,,SSRN news sentiment gold futures market
8,2020,To Trend or to Revert - A Portfolio Perspective on Time Series Momentum,Balaji Thiruvengadasamy,10.2139/ssrn.3611448,https://doi.org/10.2139/ssrn.3611448,SSRN Electronic Journal,,SSRN adaptive time series momentum systematic trend following | SSRN time series momentum futures markets trend following funds
8,2021,Disentangling Autocorrelated Intraday Returns,Rui Da; Dacheng Xiu,10.2139/ssrn.3857785,https://doi.org/10.2139/ssrn.3857785,,"<span>We propose a semiparametric framework to disentangle the autocovariance structure of high-frequency equity returns. The observed price is modeled as the sum of an efficient component, evolving as a nonparametric continuous-time Itˆo-semimartingale, and a market microstructure component governed by a discrete-time moving-average process. Our estimation strategy is based on a quasi-likelihood approach that employs a misspecified moving-average model selected via information criteria. We establish a pointwise central limit theorem for the resulting autocovariance estimator, as well as uniform consistency over a broad class of models allowing for arbitrary noise magnitude and flexible dependence structures. Simulation results demonstrate that our estimator outperforms leading nonparametric alternatives, particularly in regimes with small noise magnitude, and highlight that the performance of all estimators is critically driven by the level of noise. Applying our methodology, alongside existing nonparametric approaches, to S&amp;P 1500 constituents from 1996 to 2024, we find that noise magnitude is persistently small throughout the sample. This empirical finding has important implications for the measurement of noise magnitude, noise persistence, and volatility.</span>",SSRN intraday reversal momentum returns
8,2021,"Forex Carry, Value, &amp; Momentum Factors Boosted by Sentiment",Peter Hafez; Alan Liu; Ricard Matas Navarro,10.2139/ssrn.3766727,https://doi.org/10.2139/ssrn.3766727,SSRN Electronic Journal,,SSRN intraday forex sentiment inflection points
8,2022,Arbitrage Opportunities and Feedback Trading in Regulated Bitcoin Futures Market: An Intraday Analysis,Geoffrey Ngene; Jinghua Wang,10.2139/ssrn.4291254,https://doi.org/10.2139/ssrn.4291254,SSRN Electronic Journal,,SSRN gold futures trading strategy arbitrage
8,2026,Disentangling Autocorrelated Intraday Returns,Rui Da; Dacheng Xiu,10.2139/ssrn.6749178,https://doi.org/10.2139/ssrn.6749178,,"We propose a semiparametric framework to disentangle the autocovariance structure of high-frequency equity returns. The observed price is modeled as the sum of an efficient component, evolving as a nonparametric continuous-time Itˆo-semimartingale, and a market microstructure component governed by a discrete-time moving-average process. Our estimation strategy is based on a quasi-likelihood approach that employs a misspecified moving-average model selected via information criteria. We establish a pointwise central limit theorem for the resulting autocovariance estimator, as well as uniform consistency over a broad class of models allowing for arbitrary noise magnitude and flexible dependence structures. Simulation results demonstrate that our estimator outperforms leading nonparametric alternatives, particularly in regimes with small noise magnitude, and highlight that the performance of all estimators is critically driven by the level of noise. Applying our methodology, alongside existing nonparametric approaches, to S&P 1500 constituents from 1996 to 2024, we find that noise magnitude is persistently small throughout the sample. This empirical finding has important implications for the measurement of noise magnitude, noise persistence, and volatility.",SSRN intraday reversal momentum returns
8,2026,Scheduled FOMC Statements and Cryptocurrency Trading Activity: Intraday Evidence from a 24/7 Market,Manlu Yang; Yufeng Wang,10.2139/ssrn.6299551,https://doi.org/10.2139/ssrn.6299551,,"We study how scheduled U.S. monetary policy communication affects cryptocurrency markets in a continuous-trading setting. Combining 41 scheduled FOMC meeting statements (January 2021–January 2026) with hourly BTC–USD and ETH–USD data, we document sharp, concentrated jumps in both volatility and trading activity in the first hour after the 14:00 (New York time) statement release. For Bitcoin, mean absolute hourly returns rise from 0.66% in the hour before the announcement to 1.25% in the first post-announcement hour, while USD trading volume increases by a factor of 2.54. Ethereum exhibits similar effects (0.85% to 1.50%; volume factor 2.81). Matched-week controls, hour-matched placebos, and fixed-effects regressions confirm that these jumps are not explained by intraday seasonality or slow-moving time variation. Cross-venue replication on Bitfinex and robustness to alternative volatility and volume proxies reinforce the conclusion that major cryptocurrencies exhibit sizeable and predictable macro event risk at scheduled FOMC communication times, with direct implications for risk management and liquidity provision.",SSRN scheduled macroeconomic news intraday market sentiment
8,2026,When Markets Never Sleep:  Intraday Liquidity Patterns and Volatility Effects in Cryptocurrency Trading,Aleksander R. Mercik; Barbara Bedowska-Sojka,10.2139/ssrn.6401099,https://doi.org/10.2139/ssrn.6401099,,"This paper examines the microstructure of cryptocurrency markets by analysing liquidity and volatility patterns. Using high-frequency 15-minute data from Binance and Coinbase, we study Bitcoin and Ethereum trading pairs with both fiat currencies and stablecoins. We employ a depth-adjusted spread measure standardised for trade size to identify and statistically validate daily and intraday periodicities in spreads and volatility across trading venues and quote currencies. Our findings reveal that volatility is the primary driver of spread variation, though periodic factors provide additional explanatory power in an integrated model. The identified periodicities enhance out-of-sample spread forecasting performance across several markets, with consistent differences observed between venues and quote currencies.",SSRN liquidity volatility intraday momentum futures
7,1999,Market microstructure of FT-SE 100 index futures: An intraday empirical analysis,Yiuman Tse,10.1002/(sici)1096-9934(199902)19:1<31::aid-fut2>3.3.co;2-8,https://doi.org/10.1002/(sici)1096-9934(199902)19:1<31::aid-fut2>3.3.co;2-8,Journal of Futures Markets,,SSRN market microstructure intraday momentum futures
7,2005,Has Futures Trading Affected the Volatility of Aluminium Transactions Prices?,Isabel Figuerola-Ferretti; Christopher L. Gilbert,10.2139/ssrn.259791,https://doi.org/10.2139/ssrn.259791,SSRN Electronic Journal,,SSRN volatility breakout trading strategy futures
7,2011,Commodity Index Investing and Commodity Futures Prices,Hans R. Stoll; Robert E. Whaley,10.2139/ssrn.1478195,https://doi.org/10.2139/ssrn.1478195,SSRN Electronic Journal,,SSRN commodity futures calendar spread trend following
7,2011,Momentum Strategies and Financial Databases: An Investigation of Intraday Pattern in Price Momentum,Bidisha Chakrabarty; Charles Trzcinka,10.2139/ssrn.607782,https://doi.org/10.2139/ssrn.607782,SSRN Electronic Journal,,SSRN realized semivariance intraday momentum reversal
7,2011,Momentum Trading: Evidence from Futures Markets,Antonios Antoniou; Gregory Koutmos,10.2139/ssrn.497522,https://doi.org/10.2139/ssrn.497522,SSRN Electronic Journal,,SSRN time series momentum futures markets trend following funds
7,2011,Momentum in Futures Markets,Craig Pirrong,10.2139/ssrn.671841,https://doi.org/10.2139/ssrn.671841,SSRN Electronic Journal,,SSRN time series momentum futures markets trend following funds
7,2011,Stock Index Futures Trading and Spot Market Volatility,George Karathanassis; Vasilios I. Sogiakas,10.2139/ssrn.890261,https://doi.org/10.2139/ssrn.890261,SSRN Electronic Journal,,SSRN volatility breakout trading strategy futures
7,2011,Treasury Futures Trading and Differences of Opinion: A Note on Volume-Volatility Models,Wenchao Liao,10.2139/ssrn.1092643,https://doi.org/10.2139/ssrn.1092643,SSRN Electronic Journal,,SSRN volatility breakout trading strategy futures
7,2012,Correlation in Commodity Futures and Equity Markets Around the World: Long-Run Trend and Short-Run Fluctuation,Xiaoming Li; Bing Zhang; Zhijie Du,10.2139/ssrn.2011178,https://doi.org/10.2139/ssrn.2011178,SSRN Electronic Journal,,SSRN commodity futures calendar spread trend following
7,2013,Absolute Momentum: A Simple Rule-Based Strategy and Universal Trend-Following Overlay,Gary Antonacci,10.2139/ssrn.2244633,https://doi.org/10.2139/ssrn.2244633,SSRN Electronic Journal,,SSRN adaptive time series momentum systematic trend following
7,2013,Cash Trading and Index Futures Price Volatility,Jinliang Li,10.2139/ssrn.2362263,https://doi.org/10.2139/ssrn.2362263,SSRN Electronic Journal,,SSRN volatility breakout trading strategy futures
7,2013,VIX Futures Trading Activity and Volatility,Bujar Huskaj; Lars L. Norden,10.2139/ssrn.2308001,https://doi.org/10.2139/ssrn.2308001,SSRN Electronic Journal,,SSRN volatility breakout trading strategy futures
7,2014,"Trend following, risk parity and momentum in commodity futures",Andrew Clare; James Seaton; Peter N. Smith; Stephen Thomas,10.1016/j.irfa.2013.10.001,https://doi.org/10.1016/j.irfa.2013.10.001,International Review of Financial Analysis,,SSRN commodity futures trend following risk parity momentum
7,2015,Double-Sort Trading Strategy on Commodity Futures: Performance Evaluation and Stop-Loss Implementation,Hossein Rad,10.2139/ssrn.2614241,https://doi.org/10.2139/ssrn.2614241,SSRN Electronic Journal,,SSRN range breakout trading strategy futures
7,2015,Speculative Futures Trading Under Mean Reversion,Tim Leung; Jiao Li; Xin Li; Zheng Wang,10.2139/ssrn.2695405,https://doi.org/10.2139/ssrn.2695405,SSRN Electronic Journal,,SSRN Bollinger Band trading strategy mean reversion futures
7,2015,Trading the VIX Futures Roll and Volatility Premiums with VIX Options,David P. Simon,10.2139/ssrn.2624713,https://doi.org/10.2139/ssrn.2624713,SSRN Electronic Journal,,SSRN volatility breakout trading strategy futures
7,2016,Momentum and mean-reversion in commodity spot and futures markets,Denis B. Chaves; Vivek Viswanathan,10.1016/j.jcomm.2016.08.001,https://doi.org/10.1016/j.jcomm.2016.08.001,Journal of Commodity Markets,,SSRN factor momentum commodity futures markets
7,2016,Trading VIX Futures Under Mean Reversion with Regime Switching,Jiao Li,10.2139/ssrn.2784215,https://doi.org/10.2139/ssrn.2784215,SSRN Electronic Journal,,SSRN Bollinger Band trading strategy mean reversion futures | SSRN gold silver pair trading mean reversion
7,2017,"Impact of Single Stock Futures on Feedback Trading, Trading Volume and Volatility: A Modified Approach",Imran Riaz Malik; Attaullah Shah,10.2139/ssrn.3061054,https://doi.org/10.2139/ssrn.3061054,SSRN Electronic Journal,,SSRN volatility breakout trading strategy futures
7,2017,Role of Commodity Futures on Indian Agricultural Commodity Market,Velmurugan Palaniyappa Shanmugam,10.2139/ssrn.2988672,https://doi.org/10.2139/ssrn.2988672,SSRN Electronic Journal,,SSRN commodity futures calendar spread trend following
7,2018,Intraday Patterns in Foreign Exchange Returns and Realized Volatility,Hao Zhang,10.2139/ssrn.3138756,https://doi.org/10.2139/ssrn.3138756,SSRN Electronic Journal,,SSRN realized semivariance intraday momentum reversal
7,2018,Statistics of VIX Futures and Applications to Trading Volatility Exchange-Traded Products,Marco Avellaneda; Andrew Papanicolaou,10.2139/ssrn.3028910,https://doi.org/10.2139/ssrn.3028910,SSRN Electronic Journal,,SSRN volatility breakout trading strategy futures
7,2019,Idiosyncratic Skewness or Coskewness? Evidence from Commodity Futures Returns,Yufeng Han; Xuan Mo; Zhi Su; Yifeng Zhu,10.2139/ssrn.3391784,https://doi.org/10.2139/ssrn.3391784,SSRN Electronic Journal,,SSRN idiosyncratic momentum commodity futures
7,2019,Intraday Momentum: Evidence from the Crude Oil Market,Zhuzhu Wen; Ro Cho; Diandian Ma; Yahua Xu,10.2139/ssrn.3416022,https://doi.org/10.2139/ssrn.3416022,SSRN Electronic Journal,,SSRN market microstructure intraday momentum futures
7,2019,Time‐series momentum in China's commodity futures market,Hyuna Ham; Hoon Cho; Hyeongjun Kim; Doojin Ryu,10.1002/fut.22053,https://doi.org/10.1002/fut.22053,Journal of Futures Markets,"Abstract This study examines the time‐series momentum in China's commodity futures market. We find that a time‐series momentum strategy outperforms classical passive long and cross‐sectional momentum strategies in terms of the Sharpe ratio, risk‐adjusted excess returns, and cumulative returns. The time‐series momentum strategy with a 1‐month look‐back period and a 1‐month holding period exhibits the best performance. We observe clear time‐series momentum patterns and find that the time‐series momentum strategy is effective in the Chinese commodity futures market. However, the momentum lasts for less time in China than in the United States because China's futures market seems to have a greater number of speculative investors.",SSRN commodity futures time series momentum | SSRN time series momentum futures markets trend following funds
7,2020,Finding Consistent Trends with Strong Momentum - RSI for Trend-Following and Momentum Strategies,Arthur Hill,10.2139/ssrn.3412429,https://doi.org/10.2139/ssrn.3412429,SSRN Electronic Journal,,SSRN adaptive time series momentum systematic trend following
7,2020,Intraday Time-series Momentum: Evidence from China,Muzhao Jin; Fearghal Joseph Kearney; Youwei Li; Yung Chiang Yang,10.2139/ssrn.3493927,https://doi.org/10.2139/ssrn.3493927,SSRN Electronic Journal,,SSRN cross market intraday time series momentum | SSRN intraday time series momentum futures
7,2021,A Trend Factor in Commodity Futures Markets: Any Economic Gains From Using Information Over Investment Horizons?,Yufeng Han; Lingfei Kong,10.2139/ssrn.3953845,https://doi.org/10.2139/ssrn.3953845,SSRN Electronic Journal,,SSRN commodity futures calendar spread trend following
7,2021,Hedging Demand and Market Intraday Momentum,Guido Baltussen; Zhi Da; Sten Lammers; Martin Martens,10.2139/ssrn.3760365,https://doi.org/10.2139/ssrn.3760365,SSRN Electronic Journal,,SSRN cross market intraday time series momentum | SSRN market microstructure intraday momentum futures
7,2021,The Intraday Impact of Macroeconomic News on Price Moves of Financial Instruments,Shuang Song; Ritabrata Bhattacharyya,10.2139/ssrn.3798844,https://doi.org/10.2139/ssrn.3798844,SSRN Electronic Journal,,SSRN scheduled macroeconomic news intraday market sentiment
7,2022,Scheduled macroeconomic news announcements and intraday market sentiment,Sangik Seok; Hoon Cho; Doojin Ryu,10.1016/j.najef.2022.101739,https://doi.org/10.1016/j.najef.2022.101739,The North American Journal of Economics and Finance,,SSRN scheduled macroeconomic news intraday market sentiment
7,2023,Assessment of the Diversification Benefits of Cryptocurrencies for Forex Investors: An Intraday Portfolio Performance Analysis,Carlos Esparcia; Raquel Lopez,10.2139/ssrn.4359929,https://doi.org/10.2139/ssrn.4359929,,,SSRN intraday forex sentiment inflection points
7,2023,Cross-Market Intraday Time-Series Momentum,dezhong xu; Bin Li; Tarlok Singh; Jinze Li,10.2139/ssrn.4651331,https://doi.org/10.2139/ssrn.4651331,,,SSRN cross market intraday time series momentum | SSRN intraday time series momentum futures | SSRN market microstructure intraday momentum futures
7,2023,Investor Sentiment and Futures Market Mispricing,Doojin Ryu; Doowon Ryu; Heejin Yang,10.2139/ssrn.4532403,https://doi.org/10.2139/ssrn.4532403,SSRN Electronic Journal,,SSRN news sentiment gold futures market
7,2023,Overnight-Intraday Reversal Everywhere,Robert Kosowski; Chun Liu; Yang Liu; Tianyu Wang,10.2139/ssrn.4605208,https://doi.org/10.2139/ssrn.4605208,,,SSRN realized semivariance intraday momentum reversal
7,2024,Cross-Market Intraday Time-Series Momentum,dezhong xu; Bin Li; Tarlok Singh; Jinze Li,10.2139/ssrn.4765613,https://doi.org/10.2139/ssrn.4765613,,,SSRN cross market intraday time series momentum | SSRN intraday time series momentum futures | SSRN market microstructure intraday momentum futures | SSRN realized semivariance intraday momentum reversal
7,2024,Cross-Market Intraday Time-Series Momentum,dezhong xu; Bin Li; Tarlok Singh; Jinze Li,10.2139/ssrn.4978089,https://doi.org/10.2139/ssrn.4978089,,,SSRN cross market intraday time series momentum | SSRN intraday time series momentum futures | SSRN market microstructure intraday momentum futures
7,2024,Market Intraday Momentum in Japan: Evidence from the Nikkei Stock Index,HUIXING JIN,10.2139/ssrn.4816793,https://doi.org/10.2139/ssrn.4816793,,,SSRN cross market intraday time series momentum | SSRN market microstructure intraday momentum futures | SSRN realized semivariance intraday momentum reversal
7,2024,The Influence of Intraday Sentiment on Bitcoin Returns,Lars Kuerzinger; Christoph J. Börner,10.2139/ssrn.4853867,https://doi.org/10.2139/ssrn.4853867,,,SSRN intraday forex sentiment inflection points
7,2025,Factor Momentum in Commodity Futures Markets,Yiyan Qian; Ying Jiang; Xiaoquan Liu,10.1002/fut.70022,https://doi.org/10.1002/fut.70022,Journal of Futures Markets,"ABSTRACT This paper examines the factor momentum in commodity futures markets. Based on the US and UK data from 1985 to 2022, we first show that a commodity factor's past returns positively predict its future returns. This predictability is at its strongest over the 1‐month horizon, and could be explained by mispricing. The factor momentum suggests mean‐variance inefficient commodity factors and negatively impacts the efficiency of pricing models. We then construct the time‐series efficient factors, which exhibit higher Sharpe ratios and improve the performance of pricing models. These findings are robust across international commodity futures markets, but the transaction costs erode the economic gains of factor momentum and efficient factor strategies due to high portfolio turnover. Overall, our results point to the potential to time commodity factors and highlight the importance of conditional asset pricing in commodity futures markets.",SSRN factor momentum commodity futures markets
7,2025,Gold Silver Pair Trading -Mean Reversion Strategy Using Machine Learning,Vineet Kumar Mittal; Richa Mittal,10.2139/ssrn.5710242,https://doi.org/10.2139/ssrn.5710242,,,SSRN Bollinger Band trading strategy mean reversion futures | SSRN gold silver pair trading mean reversion
7,2025,Improvements to Intraday Momentum Strategies Using Parameter Optimization and Different Exit Strategies,Ákos Maróy,10.2139/ssrn.5095349,https://doi.org/10.2139/ssrn.5095349,,,SSRN realized semivariance intraday momentum reversal
7,2026,Rolling vs. Expanding Windows in Mean-Reversion Strategies: Evidence from Gold-Silver and Cross-Asset Validation,Akshit Gupta,10.2139/ssrn.6217778,https://doi.org/10.2139/ssrn.6217778,,"Five of six macroeconomic regime rules fail to improve a commodity ratio mean-reversion strategy once the underlying signal is properly constructed. These are Federal Reserve hiking cycle vetoes, inflation expectations, quantitative easing, tightening overlays and a combined hiking-VIX rule. Using the gold-silver ratio (GSR) as a primary case study over 2000-2026, I show that the choice between rolling and expanding z-score windows produces a Sharpe ratio difference of approximately 0.6, larger than the effect of any regime overlay I tested. A systematic 72-combination parameter sweep confirms that rolling windows (5-10 years) consistently outperform expanding windows, quantifying the cost of a common implementation choice. I test all six regime rules using 10,000-iteration paired bootstrap tests; the single exception (VIX-based position sizing) achieves significance only when validated across five commodity ratio pairs with 350 pooled trades (p = 0.001). Cross-asset validation using silver's exact parameters on gold/copper, gold/oil, copper/oil, and silver/copper ratios with no re-optimisation confirms that the method generalizes beyond a single pair. These findings suggest that regime complexity in production trading systems may compensate for signal construction deficiencies rather than capturing genuine macro effects, and that cross-asset pooling provides a practical solution to the sample size constraints inherent in low-frequency strategies.",SSRN gold silver pair trading mean reversion
7,2026,Scheduled Macroeconomic Announcements and Intraday Volatility: Evidence from SPY and QQQ,Anirudh Naveen,10.2139/ssrn.6631518,https://doi.org/10.2139/ssrn.6631518,,"Macroeconomic announcements generate information shocks that cause investors to revise expectations and adjust positions, yet the short-term magnitude of these reactions is not well understood. This study employs an event study framework to measure realized volatility in 5-minute intraday bars for SPY and QQQ across 630 scheduled macroeconomic announcements from January 2020 to December 2025, including CPI releases, FOMC rate decisions, GDP estimates, nonfarm payroll reports, and retail sales figures. Paired t-tests confirm that post-event realized volatility increases significantly across all windows and both indices, with SPY exhibiting a 2.5-fold increase and QQQ a 2.5-fold increase in the 30-minute post-event window relative to pre-event levels (t = 16.36 and t = 18.72 respectively, p &lt; 0.0001). Inflation releases produced the largest volatility response, with a 3.616-fold increase in SPY and 4.068-fold increase in QQQ. To address a second research question, categorical and temporal event features are used to predict post-event realized volatility magnitude using Ridge regression, Random Forest, and Gradient Boosting models evaluated via 5-fold cross-validation. The Gradient Boosting model achieved the strongest performance with R² of 0.3059 for SPY and 0.2895 for QQQ, with temporal features ranking as the most predictive, suggesting that the prevailing macroeconomic regime influences volatility magnitude as much as announcement type. These findings indicate that scheduled macroeconomic releases produce measurable and predictable short-term volatility responses in equity index ETFs.",SSRN scheduled macroeconomic news intraday market sentiment
6,2001,Intraday futures market behaviour around major scheduled macroeconomic announcements: Australian evidence,Alex Frino; Amelia Hill,10.1016/s0378-4266(00)00132-1,https://doi.org/10.1016/s0378-4266(00)00132-1,Journal of Banking &amp; Finance,,SSRN scheduled macroeconomic news intraday market sentiment
6,2011,Asset Management and Industry Index Portfolios: Momentum and Reversal Abnormal Returns,Mario Toscano; Giuseppe Torluccio,10.2139/ssrn.1526115,https://doi.org/10.2139/ssrn.1526115,SSRN Electronic Journal,,SSRN intraday reversal momentum returns
6,2011,Is There a Momentum-Reversal Process in Stock Returns?,R. David McLean,10.2139/ssrn.686801,https://doi.org/10.2139/ssrn.686801,SSRN Electronic Journal,,SSRN intraday reversal momentum returns
6,2011,Profitability of Technical Trading Rules on the Baltic Stock Markets,Carl Lönnbark; Albina Soultanaeva,10.2139/ssrn.1490291,https://doi.org/10.2139/ssrn.1490291,SSRN Electronic Journal,,SSRN technical trading rules foreign exchange profitability
6,2013,Is There Momentum or Reversal in Weekly Currency Returns?,Ahmad Raza; Ben R. Marshall; Nuttawat Visaltanachoti,10.2139/ssrn.2258253,https://doi.org/10.2139/ssrn.2258253,SSRN Electronic Journal,,SSRN intraday reversal momentum returns
6,2013,Time-Series Momentum versus Moving Average Trading Rules,Ben R. Marshall; Nhut H. Nguyen; Nuttawat Visaltanachoti,10.2139/ssrn.2225551,https://doi.org/10.2139/ssrn.2225551,SSRN Electronic Journal,,SSRN moving average trading rules time series momentum
6,2014,"Forty Years, Thirty Currencies and 21,000 Trading Rules: A Large-Scale, Data-Snooping Robust Analysis of Technical Trading in the Foreign Exchange Market",Po-Hsuan Hsu; Mark P. Taylor,10.2139/ssrn.2517125,https://doi.org/10.2139/ssrn.2517125,SSRN Electronic Journal,,SSRN technical trading rules foreign exchange profitability
6,2015,Negation Scope Detection in Sentiment Analysis: Decision Support for News-Driven Trading,Nicolas Prrllochs; Stefan Feuerriegel; Dirk Neumann,10.2139/ssrn.2602003,https://doi.org/10.2139/ssrn.2602003,SSRN Electronic Journal,,SSRN macro news sentiment trading futures
6,2015,The Impact of Abnormal News Sentiment on Financial Markets,Steve Y. Yang; Qiang Song; Sheung Yin K. Mo; Kaushik Datta; Anil Deane,10.2139/ssrn.2597247,https://doi.org/10.2139/ssrn.2597247,SSRN Electronic Journal,,SSRN news sentiment trading financial markets
6,2016,The Trend Is Your Friend: Time-Series Momentum Strategies Across Equity and Commodity Markets,Athina Athina Georgopoulou; George Jiaguo Wang,10.2139/ssrn.2618243,https://doi.org/10.2139/ssrn.2618243,SSRN Electronic Journal,,SSRN adaptive time series momentum systematic trend following | SSRN time series momentum futures markets trend following funds
6,2018,Reversal and Momentum Patterns in Weekly Stock Returns: European Evidence,Hannah HHhn; Hendrik Scholz,10.2139/ssrn.2552580,https://doi.org/10.2139/ssrn.2552580,SSRN Electronic Journal,,SSRN intraday reversal momentum returns
6,2018,Technical Trading Rules and Trading Signals in the Black Market for Foreign Exchange in Sudan,Ibrahim Onour,10.2139/ssrn.3101685,https://doi.org/10.2139/ssrn.3101685,SSRN Electronic Journal,,SSRN technical trading rules foreign exchange profitability
6,2020,"Demystifying Time‐Series Momentum Strategies: Volatility Estimators, Trading Rules and Pairwise Correlations",Nick Baltas; Robert Kosowski,10.1002/9781119599364.ch3,https://doi.org/10.1002/9781119599364.ch3,Market Momentum,,SSRN moving average trading rules time series momentum
6,2020,"Momentum, Reversal, and Seasonality in Option Returns",Christopher S. Jones; Mehdi Khorram; Haitao Mo,10.2139/ssrn.3705500,https://doi.org/10.2139/ssrn.3705500,SSRN Electronic Journal,,SSRN intraday reversal momentum returns
6,2023,Learning Deep News Sentiment Representations for Macro Finance,Axel Groß-Klußmann,10.2139/ssrn.4556860,https://doi.org/10.2139/ssrn.4556860,SSRN Electronic Journal,,SSRN macro news sentiment trading futures
6,2023,Predicting Crude Oil Returns and Trading Position: Evidence from News Sentiment,Daejin Kim; Hail Jung; Changyong Lee,10.2139/ssrn.4495113,https://doi.org/10.2139/ssrn.4495113,,,SSRN macro news sentiment trading futures
6,2024,"News, Sentiment and Trading",Luca Barbaglia; Mingyuan Kong; Sebastiano Manzan,10.2139/ssrn.4966869,https://doi.org/10.2139/ssrn.4966869,,,SSRN macro news sentiment trading futures | SSRN news sentiment trading financial markets
6,2024,Profitability Of Technical Trading Rules in the Chinese Yuan-Based Foreign Exchange Market,Shenyi Song; O-Chia Chuang; Hsuan Fu,10.2139/ssrn.4961223,https://doi.org/10.2139/ssrn.4961223,,,SSRN technical trading rules foreign exchange profitability
6,2024,Risky News and Credit Market Sentiment,Leif Anders Thorsrud; Paul Labonne,10.2139/ssrn.5014360,https://doi.org/10.2139/ssrn.5014360,,,SSRN news sentiment gold futures market
6,2024,Stress index strategy enhanced with financial news sentiment analysis for the equity markets,Baptiste Lefort; Eric Benhamou; Jean-Jacques Ohana; David Saltiel; Beatrice Guez; Thomas Jacquot,10.2139/ssrn.4781752,https://doi.org/10.2139/ssrn.4781752,SSRN Electronic Journal,,SSRN news sentiment trading financial markets
6,2025,Emotions Drive Actions: Sentiment and Cryptocurrency Market Reactions to Macroeconomic News Announcements,Nhan Huynh,10.2139/ssrn.5102637,https://doi.org/10.2139/ssrn.5102637,,,SSRN scheduled macroeconomic news intraday market sentiment
6,2025,Factor Momentum in China's Commodity Markets,Feiyang Li; Ke Wu; Jian Lei,10.2139/ssrn.5190280,https://doi.org/10.2139/ssrn.5190280,,,SSRN factor momentum commodity futures markets
6,2025,Risky News and Credit Market Sentiment,Leif Anders Thorsrud; Paul Labonne,10.2139/ssrn.5280847,https://doi.org/10.2139/ssrn.5280847,,,SSRN news sentiment gold futures market
6,2025,The Impact of News Media Sentiment on Financial Markets,Yiyang Shao,10.2139/ssrn.5236318,https://doi.org/10.2139/ssrn.5236318,SSRN Electronic Journal,,SSRN news sentiment trading financial markets
6,2025,The Impact of News Media Sentiment on Financial Markets,Yuankai Tao; Yiyang Shao,10.2139/ssrn.5404535,https://doi.org/10.2139/ssrn.5404535,SSRN Electronic Journal,,SSRN news sentiment trading financial markets
6,2026,"One News, Two Markets: LLM-Derived Sentiment and Trading Volume",Siyu Bie; Guanhao Feng; Naixin Guo; Jingyu He,10.2139/ssrn.5994158,https://doi.org/10.2139/ssrn.5994158,,,SSRN macro news sentiment trading futures | SSRN news sentiment trading financial markets
5,2012,Trading Strategy and Behavior of Price in Futures Markets,Jang Hyung Cho; Robert T. Daigler,10.2139/ssrn.1929247,https://doi.org/10.2139/ssrn.1929247,SSRN Electronic Journal,,SSRN gold futures trading strategy arbitrage | SSRN range breakout trading strategy futures
5,2014,VIX Futures Basis Trading: The Calvados-Strategy 2.0,Dr. Chrilly Donninger,10.2139/ssrn.2379985,https://doi.org/10.2139/ssrn.2379985,SSRN Electronic Journal,,SSRN gold futures trading strategy arbitrage | SSRN range breakout trading strategy futures
5,2015,Trading the Patience of Mrs. Yellen. A Short Vix-Futures Strategy for FOMC Announcement Days.,Chrilly Donninger,10.2139/ssrn.2544445,https://doi.org/10.2139/ssrn.2544445,SSRN Electronic Journal,,SSRN range breakout trading strategy futures
5,2019,A Multi Strategy Approach to Trading Foreign Exchange Futures,Sonam Srivastava; Gaurav Chakravorty; sanchit gupta; Ankit Awasthi,10.2139/ssrn.3322717,https://doi.org/10.2139/ssrn.3322717,SSRN Electronic Journal,,SSRN range breakout trading strategy futures
5,2020,Evidence of Arbitrage Trading Activity: The Case of Chinese Copper Futures Contracts,Robert E. Brooks; Yang Li,10.2139/ssrn.3725641,https://doi.org/10.2139/ssrn.3725641,SSRN Electronic Journal,,SSRN gold futures trading strategy arbitrage
5,2022,Understanding intraday momentum strategies,Carlo Rosa,10.1002/fut.22375,https://doi.org/10.1002/fut.22375,Journal of Futures Markets,"Abstract This paper studies the out‐of‐sample performance of the intraday momentum strategy where the overnight return predicts the return of the last half‐hour of trading. The predictability disappears in the out‐of‐sample period. A Markov‐switching model endogenously identifies two distinct regimes and suggests that the predictability depends on the strength of the signal. Hence, assessing return predictability in calendar time may lead to false conclusions when anomalies feature time‐varying returns. The paper documents that understanding the return dynamics is important for an effective strategy implementation. A strategy with thresholds delivers higher returns than a strategy that is always active.",SSRN intraday time series momentum futures
5,2023,Pairs Trading Strategy Design and Backtest for Oil Futures,Julien Granger,10.2139/ssrn.4601806,https://doi.org/10.2139/ssrn.4601806,SSRN Electronic Journal,,SSRN gold futures trading strategy arbitrage | SSRN range breakout trading strategy futures
5,2024,Has Machine Learning Defeated Trend Following Strategies in the Chinese Futures Market,Luoming Liang,10.2139/ssrn.4802493,https://doi.org/10.2139/ssrn.4802493,SSRN Electronic Journal,,SSRN commodity futures calendar spread trend following
5,2024,Research on Hierarchical Futures Pair Trading Strategy Based on Machine Learning and Kalman Filteringresearch on Hierarchical Futures Pair Trading Strategy Based on Machine Learning and Kalman Filtering,Shuo Yang; Ke Huang,10.2139/ssrn.4863414,https://doi.org/10.2139/ssrn.4863414,,,SSRN gold futures trading strategy arbitrage | SSRN range breakout trading strategy futures
5,2024,Research on Hierarchical Futures Pair Trading Strategy Based on Machine Learning and Kalman Filteringresearch on Hierarchical Futures Pair Trading Strategy Based on Machine Learning and Kalman Filtering,Shuo Yang; Ke Huang; Yao-wen Chen,10.2139/ssrn.5017127,https://doi.org/10.2139/ssrn.5017127,,,SSRN gold futures trading strategy arbitrage | SSRN range breakout trading strategy futures
5,2025,Enhancing Trend-Following Strategies Using Machine Learning and Time Series Models,Spyros Chandrinos; Nikos  D. Lagaros,10.2139/ssrn.5205525,https://doi.org/10.2139/ssrn.5205525,,,SSRN adaptive time series momentum systematic trend following
4,2001,Impact of Scheduled U.S. Macroeconomic News on Stock Market Uncertainty: A Multinational Perspecive,; Jussi Nikkinen; Petri Sahlström; ,10.17578/5-2-3,https://doi.org/10.17578/5-2-3,Multinational Finance Journal,"This study examines how the U.S. macroeconomic news releases affect uncertainty in domestic and foreign stock exchanges. For that purpose, the behavior of the implied volatilities from the U.S. and Finnish markets is investigated around the employment, producer price index (PPI) and consumer price index (CPI) reports. The results confirm the hypothesis that implied volatility increases prior to the macroeconomic news release and drops after the announcement in both markets. This implies that uncertainty associated with the U.S. macroeconomic news releases is reflected in foreign stock markets as well. Of the macroeconomic news releases, the employment report has the largest impact on uncertainty",SSRN scheduled macroeconomic news intraday market sentiment
4,2002,Technical trading rules and regime shifts in foreign exchange,BLAKE LEBARON,10.1016/b978-075065516-3.50003-0,https://doi.org/10.1016/b978-075065516-3.50003-0,Advanced Trading Rules,,SSRN technical trading rules foreign exchange profitability
4,2005,Further Evidence on Technical Trading Profitability and Foreign Exchange Intervention,Simón Javier Sosvilla Rivero; Julián Andrada Félix; Fernando Fernández Rodríguez,10.2139/ssrn.300480,https://doi.org/10.2139/ssrn.300480,SSRN Electronic Journal,,SSRN technical trading rules foreign exchange profitability
4,2005,Technical Analysis in Foreign Exchange Markets: Linear Versus Nonlinear Trading Rules,Fernando Fernández Rodríguez; Simón Javier Sosvilla Rivero; Julián Andrada Félix,10.2139/ssrn.275161,https://doi.org/10.2139/ssrn.275161,SSRN Electronic Journal,,SSRN technical trading rules foreign exchange profitability
4,2005,Technical Trading Rule Profitability and Foreign Exchange Intervention,Blake D. LeBaron,10.2139/ssrn.1105,https://doi.org/10.2139/ssrn.1105,SSRN Electronic Journal,,SSRN technical trading rules foreign exchange profitability
4,2011,Asset Returns and Scheduled Macroeconomic News Announcements,Pavel G. Savor; Mungo Ivor Wilson,10.2139/ssrn.1342933,https://doi.org/10.2139/ssrn.1342933,SSRN Electronic Journal,,SSRN scheduled macroeconomic news intraday market sentiment
4,2011,Mean Reversion Vs. Mean Aversion: A Non-Synchronous Trading Approach,Antti Kanto; Vance L. Martin; Saikat Sarkar,10.2139/ssrn.963034,https://doi.org/10.2139/ssrn.963034,SSRN Electronic Journal,,SSRN gold silver pair trading mean reversion
4,2012,Multiscale Analysis of Foreign Exchange Order Flows and Technical Trading Profitability,Nikola Gradojevic; Camillo Lento,10.2139/ssrn.2085497,https://doi.org/10.2139/ssrn.2085497,SSRN Electronic Journal,,SSRN technical trading rules foreign exchange profitability
4,2013,An Equilibrium Model of Moving-Average Predictability and Time-Series Momentum,Guofu Zhou; Yingzi Zhu,10.2139/ssrn.2326650,https://doi.org/10.2139/ssrn.2326650,SSRN Electronic Journal,,SSRN moving average trading rules time series momentum
4,2013,Asymmetric Volatility Spillovers: Revisiting the Diebold-Yilmaz (2009) Spillover Index with Realized Semivariance,Jozef Barunik; Evzen Kocenda; Lukas Vacha,10.2139/ssrn.2306489,https://doi.org/10.2139/ssrn.2306489,SSRN Electronic Journal,,SSRN realized semivariance intraday momentum reversal
4,2013,"European Equity Investing Through the Financial Crisis: Can Risk Parity, Momentum or Trend Following Help to Reduce Tail Risk?",Andrew Clare; James Seaton; Peter N. Smith; Steve Thomas,10.2139/ssrn.2368208,https://doi.org/10.2139/ssrn.2368208,SSRN Electronic Journal,,SSRN commodity futures trend following risk parity momentum
4,2013,Optimal Timing for Mean Reversion Trading,Tim S. T. Leung; Xin Li,10.2139/ssrn.2222196,https://doi.org/10.2139/ssrn.2222196,SSRN Electronic Journal,,SSRN gold silver pair trading mean reversion
4,2013,"The Trend is Our Friend: Risk Parity, Momentum and Trend Following in Global Asset Allocation",Andrew D. Clare; Peter N. Smith; Steve H. Thomas,10.2139/ssrn.2275745,https://doi.org/10.2139/ssrn.2275745,SSRN Electronic Journal,,SSRN adaptive time series momentum systematic trend following | SSRN commodity futures trend following risk parity momentum
4,2013,"The Trend is Our Friend: Risk Parity, Momentum and Trend Following in Global Asset Allocation",Andrew D. Clare; James Seaton; Peter N. Smith; Steve H. Thomas,10.2139/ssrn.2265693,https://doi.org/10.2139/ssrn.2265693,SSRN Electronic Journal,,SSRN commodity futures trend following risk parity momentum
4,2014,Can Information Be Locked-Up? Informed Trading Ahead of Macro-News Announcements,Gennaro Bernile; Jianfeng Hu; Yuehua Tang,10.2139/ssrn.2436272,https://doi.org/10.2139/ssrn.2436272,SSRN Electronic Journal,,SSRN macro news sentiment trading futures
4,2014,"European Equity Investing Through the Financial Crisis: Can Risk Parity, Momentum or Trend Following Help to Reduce Tail Risk?",Andrew Clare; James Seaton; Peter N. Smith; Steve Thomas,10.2139/ssrn.2382973,https://doi.org/10.2139/ssrn.2382973,SSRN Electronic Journal,,SSRN commodity futures trend following risk parity momentum
4,2015,Insider Trading and Sentiment Trading,Karl Ludwig Keiber,10.2139/ssrn.2661994,https://doi.org/10.2139/ssrn.2661994,SSRN Electronic Journal,,SSRN macro news sentiment trading futures
4,2015,The Effective Combination of Risk-Based Strategies with Momentum and Trend Following,Grrgory Guilmin,10.2139/ssrn.2556747,https://doi.org/10.2139/ssrn.2556747,SSRN Electronic Journal,,SSRN adaptive time series momentum systematic trend following | SSRN commodity futures trend following risk parity momentum
4,2015,Trend Following and Momentum Strategies for Global REITs,Alex Moss; Andrew Clare; Steve Thomas; James Seaton,10.2139/ssrn.2615686,https://doi.org/10.2139/ssrn.2615686,SSRN Electronic Journal,,SSRN adaptive time series momentum systematic trend following
4,2016,On the Profitability of Optimal Mean Reversion Trading Strategies,Peng Huang; Tianxiang Wang,10.2139/ssrn.2719182,https://doi.org/10.2139/ssrn.2719182,SSRN Electronic Journal,,SSRN gold silver pair trading mean reversion
4,2017,Competition in Financial News Markets and Trading Activity,Harm H. Schhtt,10.2139/ssrn.3051732,https://doi.org/10.2139/ssrn.3051732,SSRN Electronic Journal,,SSRN news sentiment trading financial markets
4,2017,Cross-Sectional and Time-Series Momentum Returns and Market Dynamics: Are Islamic Stocks Different?,Muhammad A. Cheema; Gilbert V. Nartea,10.2139/ssrn.2949468,https://doi.org/10.2139/ssrn.2949468,SSRN Electronic Journal,,SSRN cross market intraday time series momentum
4,2017,Cross-Sectional and Time-Series Momentum Returns and Market States,Muhammad A. Cheema; Gilbert V. Nartea; Yimei Man,10.2139/ssrn.2931620,https://doi.org/10.2139/ssrn.2931620,SSRN Electronic Journal,,SSRN cross market intraday time series momentum
4,2017,Oil Sentiment: The U.S. Economy and Financial Markets,Sultan Alturki,10.2139/ssrn.3042878,https://doi.org/10.2139/ssrn.3042878,SSRN Electronic Journal,,SSRN news sentiment trading financial markets
4,2018,Mean Reversion Trading with Sequential Deadlines and Transaction Costs,Yerkin Kitapbayev; Tim Leung,10.2139/ssrn.2997250,https://doi.org/10.2139/ssrn.2997250,SSRN Electronic Journal,,SSRN gold silver pair trading mean reversion
4,2018,Mean Reversion and Beta-Zero Targeting: A Long-Short Equity Trading Strategy,Rajit Krishnamurthy,10.2139/ssrn.3124271,https://doi.org/10.2139/ssrn.3124271,SSRN Electronic Journal,,SSRN Bollinger Band trading strategy mean reversion futures
4,2018,Measuring the Predictability of the Oil and Gas Stock Returns and the Performances of Moving Average Trading Rules,Muhammad Surajo Sanusi; Farooq Ahmad,10.2139/ssrn.3218478,https://doi.org/10.2139/ssrn.3218478,SSRN Electronic Journal,,SSRN moving average trading rules time series momentum
4,2018,Time-Series and Cross-Sectional Momentum in the Saudi Arabia Stock Market Returns,Shah Saeed Chowdhury,10.2139/ssrn.2795319,https://doi.org/10.2139/ssrn.2795319,SSRN Electronic Journal,,SSRN cross market intraday time series momentum
4,2018,Trend Following with Momentum Versus Moving Average: A Tale of Differences,Valeriy Zakamulin; Javier Giner,10.2139/ssrn.3293521,https://doi.org/10.2139/ssrn.3293521,SSRN Electronic Journal,,SSRN adaptive time series momentum systematic trend following
4,2019,Performance of Moving Average Trading Rules in a Volatile Stock Market: The Russian Evidence,Pasi Luukka; Eero Pätäri; Elena Fedorova; Tatiana Garanina,10.2139/ssrn.3490009,https://doi.org/10.2139/ssrn.3490009,SSRN Electronic Journal,,SSRN moving average trading rules time series momentum
4,2021,Investors' Climate Sentiment and Financial Markets,Caterina Santi,10.2139/ssrn.3697581,https://doi.org/10.2139/ssrn.3697581,SSRN Electronic Journal,,SSRN news sentiment trading financial markets
4,2022,A Note on the Use of Moving Average Trading Rules to Test for Weak Form Efficiency in Capital Markets,Alexandros E. Milionis; Evangelia Papanagiotou,10.2139/ssrn.4165676,https://doi.org/10.2139/ssrn.4165676,SSRN Electronic Journal,,SSRN moving average trading rules time series momentum
4,2024,Efficacy of a Mean Reversion Trading Strategy Using True Strength Index,Daniel Requejo,10.2139/ssrn.4708400,https://doi.org/10.2139/ssrn.4708400,SSRN Electronic Journal,,SSRN Bollinger Band trading strategy mean reversion futures
4,2024,Mean Reversion Trading on the Naphtha Crack,Briac Turquet; Pierre Bajgrowicz; Olivier Scaillet,10.2139/ssrn.5032815,https://doi.org/10.2139/ssrn.5032815,,,SSRN Bollinger Band trading strategy mean reversion futures | SSRN gold silver pair trading mean reversion
4,2024,Mean Reversion Trading on the Naphtha Crack,Briac Turquet; Pierre Bajgrowicz; Olivier Scaillet,10.2139/ssrn.5034739,https://doi.org/10.2139/ssrn.5034739,,,SSRN Bollinger Band trading strategy mean reversion futures | SSRN gold silver pair trading mean reversion
4,2024,Time-Series and Cross-Sectional Momentum in the Cryptocurrency Market: A Comprehensive Analysis under Realistic Assumptions,Chulwoo Han; Byeongguk Kang; Jehyeon Ryu,10.2139/ssrn.4675565,https://doi.org/10.2139/ssrn.4675565,SSRN Electronic Journal,,SSRN cross market intraday time series momentum
4,2025,Analysis of the Bollinger bands and Ornstein-Uhlebeck Model Mean Reversion Trading Strategy in S&amp;P 500 Equities,Mayank Jashnani,10.2139/ssrn.5713082,https://doi.org/10.2139/ssrn.5713082,,,SSRN Bollinger Band trading strategy mean reversion futures
4,2025,Does Cross-Asset Time-Series Momentum Truly Outperform Single-Asset Time-Series Momentum? New Evidence from China's Stock and Bond Markets,Xiaowei Wang; Fengning Zhang,10.2139/ssrn.5170379,https://doi.org/10.2139/ssrn.5170379,,,SSRN time series momentum futures markets trend following funds
4,2025,Mean Reversion with Pair Trading in Indian Private Sector Banking Stocks,Mayank Bhatia,10.2139/ssrn.5064071,https://doi.org/10.2139/ssrn.5064071,SSRN Electronic Journal,,SSRN gold silver pair trading mean reversion
3,2023,Cross‐Asset Trend Following with Futures,,10.1002/9781394320516.ch1,https://doi.org/10.1002/9781394320516.ch1,Following the Trend,,SSRN commodity futures calendar spread trend following
2,1996,Technical Trading Rule Profitability and Foreign Exchange Intervention,Blake LeBaron,10.3386/w5505,https://doi.org/10.3386/w5505,,,SSRN technical trading rules foreign exchange profitability
2,2002,Some exact results for moving-average trading rules with applications to UK indices,GEORGE W. KUO,10.1016/b978-075065516-3.50007-8,https://doi.org/10.1016/b978-075065516-3.50007-8,Advanced Trading Rules,,SSRN moving average trading rules time series momentum
2,2005,Surprises in Scheduled Macroeconomic Announcements: Why Do They Move the Bond Market?,Dieter Hess,10.2139/ssrn.361161,https://doi.org/10.2139/ssrn.361161,SSRN Electronic Journal,,SSRN scheduled macroeconomic news intraday market sentiment
2,2011,The Profitability of Filter Rules in the Foreign Exchange Market: Evidence for the Australian Dollar,Kim M Hawtrey,10.2139/ssrn.672946,https://doi.org/10.2139/ssrn.672946,SSRN Electronic Journal,,SSRN technical trading rules foreign exchange profitability
2,2013,"Empirical Inference of Related Trading between Two Securities: Detecting Pairs Trading, Merger Arbitrage, and Strategy Rules",Keith Godfrey,10.2139/ssrn.2312058,https://doi.org/10.2139/ssrn.2312058,SSRN Electronic Journal,,SSRN gold futures trading strategy arbitrage
2,2014,The real-life performance of market timing with moving average and time-series momentum rules,Valeriy Zakamulin,10.1057/jam.2014.25,https://doi.org/10.1057/jam.2014.25,Journal of Asset Management,,SSRN moving average trading rules time series momentum
2,2014,Trading Volume Effects of Moving Average Heuristics,Thomas Etheber,10.2139/ssrn.2517005,https://doi.org/10.2139/ssrn.2517005,SSRN Electronic Journal,,SSRN moving average trading rules time series momentum
2,2014,Trading on Noise: Moving Average Trading Heuristics and Private Investors,Thomas Etheber; Andreas Hackethal; Steffen Meyer,10.2139/ssrn.2520346,https://doi.org/10.2139/ssrn.2520346,SSRN Electronic Journal,,SSRN moving average trading rules time series momentum
2,2017,"Roots, Extrema and Inflection Points by using Taylor Regression Procedure",Demetris Christopoulos,10.2139/ssrn.2521403,https://doi.org/10.2139/ssrn.2521403,SSRN Electronic Journal,,SSRN intraday forex sentiment inflection points
2,2017,Trading Range Breakout Test on Daily Stocks of Indian Markets,Uttam B Sapate,10.2139/ssrn.3068852,https://doi.org/10.2139/ssrn.3068852,SSRN Electronic Journal,,SSRN range breakout trading strategy futures
2,2021,"Private Litigation in Financial Markets: Information Processing, Informed Trading, and Financial Misreporting",Stefan Schantl,10.2139/ssrn.3911641,https://doi.org/10.2139/ssrn.3911641,SSRN Electronic Journal,"In this paper, I study the effects of private litigation in a model featuring a myopic manager who can misreporting private information, a speculator who processes the financial report and trades on the acquired information, and a market maker who competitively prices the firm. Private litigation rights reinforce the incentives for the speculator to process and trade on financial information. This in turn increases the value relevance of financial reporting and exacerbates the manager's misreporting incentives, countering the deterrence effect arising from reputational costs of litigation. I show that private litigation exacerbates (deters) misreporting and further increases (decreases) the absolute trading volume around earnings announcements and litigation insurance premiums if the reputational costs are low (high). In addition, I identify conditions under which market efficiency can decrease with private litigation. These results provide a basis for novel empirical predictions and have important regulatory implications.",SSRN news sentiment trading financial markets
2,2021,The Role Of Intuition Within Trading Financial Markets,Chief Inshallah,10.2139/ssrn.3948897,https://doi.org/10.2139/ssrn.3948897,SSRN Electronic Journal,,SSRN news sentiment trading financial markets
2,2023,Can Day Trading Really Be Profitable? Evidence of Sustainable Long-term Profits from Opening Range Breakout (ORB) Day Trading Strategy vs. Benchmark in the US Stock Market,Carlo Zarattini; Andrew Aziz,10.2139/ssrn.4416622,https://doi.org/10.2139/ssrn.4416622,SSRN Electronic Journal,,SSRN range breakout trading strategy futures
2,2024,A Time Vary Moving Average Anomaly Based on Different Trading Term Structures,yuzhi chen; Yi Fang; Lili Teng; Hang Su,10.2139/ssrn.4699831,https://doi.org/10.2139/ssrn.4699831,,,SSRN moving average trading rules time series momentum
2,2024,Statistical arbitrage in multi-pair trading strategy based on graph clustering algorithms in US equities market,Adam Korniejczuk; Robert Ślepaczuk,10.2139/ssrn.4849095,https://doi.org/10.2139/ssrn.4849095,,,SSRN gold futures trading strategy arbitrage
2,2025,Bollinger Bands under Varying Market Regimes: A Comparative Study of Breakout and Mean-Reversion Strategies in BTC/USDT,Efe Arda,10.2139/ssrn.5775962,https://doi.org/10.2139/ssrn.5775962,,,SSRN Bollinger Band trading strategy mean reversion futures
2,2025,Research Paper on Algorithmic Breakout Detection via Volume Spike in Options Trading,Rahul Durgia,10.2139/ssrn.5371218,https://doi.org/10.2139/ssrn.5371218,,,SSRN range breakout trading strategy futures
2,2025,Uniqueness of Inflection Points in Binomial Exceedance Function Compositions,Yuval Heller; Srinivas Arigapudi; Amnon Schreiber,10.2139/ssrn.5384835,https://doi.org/10.2139/ssrn.5384835,,,SSRN intraday forex sentiment inflection points
2,2025,Uniqueness of Interior Inflection Points of Compositions of Multiple Binomial Exceedance Functions,Zijun Meng,10.2139/ssrn.5469090,https://doi.org/10.2139/ssrn.5469090,,,SSRN intraday forex sentiment inflection points
0,2023,Systematic Trading Without Time Series,,10.1002/9781394320516.ch8,https://doi.org/10.1002/9781394320516.ch8,Following the Trend,,SSRN adaptive time series momentum systematic trend following | SSRN time series momentum futures markets trend following funds
